[
  {
    "number": 1,
    "title": "Project Structure",
    "slug": "project-structure"
  },
  {
    "number": 2,
    "title": "Vision & Scope",
    "slug": "vision"
  },
  {
    "number": 3,
    "title": "Build Strategy",
    "slug": "build-strategy"
  },
  {
    "number": 4,
    "title": "Tech Stack",
    "slug": "tech-stack"
  },
  {
    "number": 5,
    "title": "Deployment Topology",
    "slug": "deployment"
  },
  {
    "number": 6,
    "title": "Data Retention",
    "slug": "data-retention"
  },
  {
    "number": 7,
    "title": "Security Architecture",
    "slug": "security"
  },
  {
    "number": 8,
    "title": "Certificate Management",
    "slug": "certificates"
  },
  {
    "number": 9,
    "title": "System Architecture",
    "slug": "architecture"
  },
  {
    "number": 10,
    "title": "Network Flows",
    "slug": "flows"
  },
  {
    "number": 11,
    "title": "Service Communication Matrix",
    "slug": "matrix"
  },
  {
    "number": 12,
    "title": "Rabbitmq Topology",
    "slug": "rabbitmq"
  },
  {
    "number": 13,
    "title": "Services",
    "slug": "services"
  },
  {
    "number": 14,
    "title": "Agents",
    "slug": "agents"
  },
  {
    "number": 15,
    "title": "KiP EDITION",
    "slug": "kip"
  },
  {
    "number": 16,
    "title": "Mvp Scope & Phases - Detailed Roadmap",
    "slug": "mvp"
  },
  {
    "number": 17,
    "title": "Governance",
    "slug": "governance"
  },
  {
    "number": 18,
    "title": "Repository Structure",
    "slug": "repos"
  }
]